,Player,Span,Mat,Inns,NO,Runs,HS,Ave,BF,SR,100,50,0,4s,6s,Team Name
0,Abrar Ahmed,2023-2023,3,2,,,0,,2,0,,0,2,0,0,
1,Ahmed Safi Abdullah,2020-2020,3,2,2,9,8*,,13,69.23,,0,0,1,0,
2,Akif Javed,2020-2021,11,3,3,0,0*,,3,0,,0,0,0,0,
3,Ali Khan,2021-2021,3,-,-,-,-,-,-,-,-,-,-,-,-,
4,Amad Butt,2017-2020,16,9,2,60,17,8.57,57,105.26,0,0,2,3,4,
5,Ashar Zaidi,2016-2016,3,2,0,8,6,4,16,50,0,0,0,0,0,Islamabad United
6,Asif Ali,2016-2023,76,66,16,1130,75,22.6,717,157.6,0,3,3,63,88,Islamabad United
7,Athar Mahmood,2022-2022,3,1,1,0,0*,-,0,-,0,0,0,0,0,Islamabad United
8,Azam Khan,2022-2023,22,20,3,578,97,34,384,150.52,0,4,1,46,36,Islamabad United
9,Azhar Mahmood,2016-2016,2,2,2,14,12*,-,12,116.66,0,0,0,2,0,Islamabad United
10,Babar Azam,2016-2016,2,2,0,15,15,7.5,26,57.69,0,0,1,1,0,Islamabad United
11,S Badree,2016-2017,7,1,1,2,2*,-,2,100,0,0,0,0,0,Islamabad United
12,IR Bell,2019-2019,1,1,0,54,54,54,46,117.39,0,1,0,6,0,Islamabad United
13,SW Billings,2016-2017,10,9,2,167,78*,23.85,128,130.46,0,1,1,16,5,Islamabad United
14,TK Curran,2023-2023,5,3,1,21,10*,10.5,11,190.9,0,0,0,1,2,Islamabad United
15,Danish Aziz,2022-2022,3,3,1,36,30*,18,44,81.81,0,0,1,4,0,Islamabad United
16,LA Dawson,2022-2022,7,7,1,107,31,17.83,85,125.88,0,0,0,14,3,Islamabad United
17,M de Lange,2022-2022,5,3,2,9,7*,9,12,75,0,0,0,0,0,Islamabad United
18,CS Delport,2019-2019,12,12,1,355,117*,32.27,265,133.96,1,1,3,35,13,Islamabad United
19,BM Duckett,2017-2017,2,2,0,30,16,15,34,88.23,0,0,0,4,0,Islamabad United
20,JP Duminy,2018-2018,10,9,2,251,73*,35.85,249,100.8,0,2,0,22,8,Islamabad United
21,Faheem Ashraf,2018-2023,60,47,18,703,55,24.24,478,147.07,0,3,3,61,35,Islamabad United
22,Fawad Ahmed,2021-2021,5,2,2,4,4*,-,6,66.66,0,0,0,0,0,Islamabad United
23,Fazalhaq Farooqi,2023-2023,6,2,1,0,0*,0,2,0,0,0,1,0,0,Islamabad United
24,ST Finn,2018-2018,5,1,0,0,0,0,1,0,0,0,1,0,0,Islamabad United
25,L Gregory,2021-2021,2,1,1,49,49*,-,31,158.06,0,0,0,6,1,Islamabad United
26,BJ Haddin,2016-2017,17,17,4,327,73,25.15,250,130.8,0,4,2,25,15,Islamabad United
27,AD Hales,2018-2023,25,25,1,760,82*,31.66,535,142.05,0,4,0,94,24,Islamabad United
28,Hasan Ali,2021-2023,27,13,3,120,45,12,88,136.36,0,0,1,9,6,Islamabad United
29,Hassan Nawaz,2023-2023,3,3,0,28,21,9.33,28,100,0,0,1,3,1,Islamabad United
30,Hussain Talat,2017-2021,40,32,5,619,56,22.92,525,117.9,0,1,2,48,17,Islamabad United
31,Iftikhar Ahmed,2018-2021,13,10,3,230,71*,32.85,194,118.55,0,1,0,17,9,Islamabad United
32,Imran Khalid,2016-2017,12,5,0,39,18,7.8,43,90.69,0,0,0,1,2,Islamabad United
33,CA Ingram,2020-2020,9,9,2,206,63*,29.42,137,150.36,0,1,0,18,8,Islamabad United
34,WG Jacks,2022-2022,2,2,0,11,11,5.5,10,110,0,0,1,0,1,Islamabad United
35,Kamran Ghulam,2016-2016,2,1,0,9,9,9,12,75,0,0,0,0,0,Islamabad United
36,Khalid Latif,2016-2016,9,7,1,206,59,34.33,173,119.07,0,1,0,11,9,Islamabad United
37,UT Khawaja,2021-2021,7,7,2,246,105*,49.2,161,152.79,1,1,1,31,5,Islamabad United
38,BA King,2021-2021,3,3,1,69,46*,34.5,45,153.33,0,0,0,7,4,Islamabad United
39,DJ Malan,2020-2020,4,4,1,131,64,43.66,92,142.39,0,1,0,13,5,Islamabad United
40,Misbah-ul-Haq,2016-2018,26,19,4,381,61*,25.4,349,109.16,0,1,0,33,13,Islamabad United
41,Mohammad Huraira,2022-2022,1,1,0,2,2,2,8,25,0,0,0,0,0,Islamabad United
42,Mohammad Irfan,2016-2017,14,2,2,0,0*,-,3,0,0,0,0,0,0,Islamabad United
43,Mohammad Sami,2016-2019,36,14,8,39,20*,6.5,39,100,0,0,2,2,1,Islamabad United
44,Mohammad Wasim,2021-2023,25,14,6,115,17*,14.37,88,130.68,0,0,1,9,7,Islamabad United
45,Mubasir Khan,2022-2023,14,6,0,49,21,8.16,51,96.07,0,0,0,4,1,Islamabad United
46,Muhammad Akhlaq,2021-2022,7,6,0,46,26,7.66,39,117.94,0,0,1,6,2,Islamabad United
47,Muhammad Musa,2019-2022,19,8,6,59,26*,29.5,51,115.68,0,0,1,6,3,Islamabad United
48,C Munro,2020-2023,29,29,4,996,90*,39.84,629,158.34,0,9,2,86,55,Islamabad United
49,Nasir Nawaz,2019-2022,2,2,0,17,14,8.5,22,77.27,0,0,0,0,0,Islamabad United
50,WD Parnell,2019-2019,3,2,0,46,41,23,28,164.28,0,0,0,7,1,Islamabad United
51,SR Patel,2018-2019,17,10,4,175,45*,29.16,167,104.79,0,0,0,22,1,Islamabad United
52,N Pooran,2017-2017,1,1,0,1,1,1,3,33.33,0,0,0,0,0,Islamabad United
53,Rafatullah Mohmand,2017-2017,3,3,0,46,18,15.33,37,124.32,0,0,0,2,4,Islamabad United
54,Rahmanullah Gurbaz,2022-2023,14,14,1,315,62,24.23,195,161.53,0,1,1,28,21,Islamabad United
55,Rizwan Hussain,2019-2020,9,8,0,82,22,10.25,77,106.49,0,0,0,9,1,Islamabad United
56,Rohail Nazir,2021-2021,4,3,0,43,34,14.33,36,119.44,0,0,0,6,1,Islamabad United
57,L Ronchi,2018-2020,31,31,3,1020,94*,36.42,614,166.12,0,10,4,116,50,Islamabad United
58,Rumman Raees,2016-2023,38,11,8,25,11*,8.33,36,69.44,0,0,2,3,0,Islamabad United
59,AD Russell,2016-2018,14,12,2,110,35*,11,92,119.56,0,0,1,9,6,Islamabad United
60,Saeed Ajmal,2016-2017,10,3,2,20,10*,20,16,125,0,0,0,1,1,Islamabad United
61,Sahibzada Farhan,2018-2019,9,8,1,140,44,20,132,106.06,0,0,0,12,4,Islamabad United
62,PD Salt,2019-2021,10,10,0,141,46,14.1,117,120.51,0,0,1,21,1,Islamabad United
63,Shadab Khan,2017-2023,72,58,7,935,91,18.33,676,138.31,0,5,6,61,51,Islamabad United
64,Sharjeel Khan,2016-2017,12,12,1,300,117,27.27,205,146.34,1,1,0,27,19,Islamabad United
65,DR Smith,2016-2017,13,13,2,427,73,38.81,385,110.9,0,4,1,45,15,Islamabad United
66,Sohaib Maqsood,2023-2023,2,2,0,75,60,37.5,54,138.88,0,1,0,9,3,Islamabad United
67,DW Steyn,2020-2020,4,-,-,-,-,-,-,-,-,-,-,-,-,Islamabad United
68,PR Stirling,2021-2023,10,10,0,266,58,26.6,160,166.25,0,3,0,33,12,Islamabad United
69,Umar Amin,2016-2021,3,3,0,17,13,5.66,25,68,0,0,1,1,0,Islamabad United
70,HE van der Dussen,2023-2023,6,6,0,148,49,24.66,116,127.58,0,0,0,16,2,Islamabad United
71,CAK Walton,2018-2019,9,9,0,186,48,20.66,130,143.07,0,0,2,15,10,Islamabad United
72,Waqas Maqsood,2019-2022,10,2,0,1,1,0.5,6,16.66,0,0,1,0,0,Islamabad United
73,SR Watson,2016-2017,15,15,1,365,79,26.07,290,125.86,0,1,0,29,21,Islamabad United
74,Zafar Gohar,2018-2022,11,6,3,39,13*,13,41,95.12,0,0,0,1,1,Islamabad United
75,Zahid Mahmood,2022-2022,2,1,1,3,3*,-,9,33.33,0,0,0,0,0,Islamabad United
76,Zahir Khan,2022-2022,2,1,1,0,0*,-,1,0,0,0,0,0,0,Islamabad United
77,Zeeshan Zameer,2022-2023,3,1,0,0,0,0,1,0,0,0,1,0,0,Islamabad United
78,Zohaib Khan,2017-2017,1,-,-,-,-,-,-,-,-,-,-,-,-,Islamabad United
0,Aamer Yamin,2019-2023,27,12,3,126,35*,14,85,148.23,0,0,2,6,9,Karachi Kings
1,Abbas Afridi,2021-2021,4,1,1,27,27*,-,18,150,0,0,0,1,3,Karachi Kings
2,Abrar Ahmed,2017-2017,2,-,-,-,-,-,-,-,-,-,-,-,-,Karachi Kings
3,Akif Javed,2023-2023,5,1,1,7,7*,-,7,100,0,0,0,1,0,Karachi Kings
4,Ali Khan,2020-2020,1,-,-,-,-,-,-,-,-,-,-,-,-,Karachi Kings
5,Arshad Iqbal,2020-2021,16,1,1,0,0*,-,1,0,0,0,0,0,0,Karachi Kings
6,Awais Zia,2019-2019,2,2,0,22,19,11,30,73.33,0,0,0,2,0,Karachi Kings
7,Babar Azam,2017-2022,66,64,9,2398,90*,43.6,1966,121.97,0,23,5,258,37,Karachi Kings
8,Bilawal Bhatti,2016-2016,1,1,1,15,15*,-,9,166.66,0,0,0,1,1,Karachi Kings
9,RS Bopara,2016-2019,31,28,8,575,71*,28.75,490,117.34,0,3,1,43,15,Karachi Kings
10,DT Christian,2021-2021,5,3,2,55,27,55,28,196.42,0,0,0,9,1,Karachi Kings
11,JM Clarke,2021-2022,13,12,1,295,54,26.81,215,137.2,0,2,1,25,13,Karachi Kings
12,IA Cockbain,2022-2022,3,3,0,47,31,15.66,37,127.02,0,0,0,5,1,Karachi Kings
13,BCJ Cutting,2023-2023,6,5,1,89,33,22.25,64,139.06,0,0,0,7,6,Karachi Kings
14,Danish Aziz,2018-2021,4,3,1,74,45,37,35,211.42,0,0,0,3,7,Karachi Kings
15,CS Delport,2020-2020,8,8,0,178,62,22.25,147,121.08,0,1,0,13,7,Karachi Kings
16,JL Denly,2018-2018,12,11,1,323,79*,32.3,257,125.68,0,3,1,40,9,Karachi Kings
17,BR Dunk,2019-2019,7,7,2,124,49*,24.8,95,130.52,0,0,0,10,4,Karachi Kings
18,JK Fuller,2023-2023,3,3,2,27,12*,27,16,168.75,0,0,0,4,0,Karachi Kings
19,CH Gayle,2017-2017,9,9,0,160,44,17.77,139,115.1,0,0,0,8,14,Karachi Kings
20,L Gregory,2022-2022,7,7,2,72,27,14.4,70,102.85,0,0,0,9,0,Karachi Kings
21,MJ Guptill,2021-2021,6,6,0,69,43,11.5,66,104.54,0,0,1,6,3,Karachi Kings
22,Haider Ali,2023-2023,6,6,0,109,59,18.16,97,112.37,0,1,1,11,3,Karachi Kings
23,AD Hales,2020-2020,9,7,1,272,80*,45.33,183,148.63,0,2,0,25,12,Karachi Kings
24,Iftikhar Ahmed,2016-2020,22,19,6,205,44*,15.76,169,121.3,0,0,1,16,8,Karachi Kings
25,Imad Wasim,2016-2023,78,63,23,1086,92*,27.15,771,140.85,0,5,10,96,42,Karachi Kings
26,Imran Tahir,2023-2023,5,-,-,-,-,-,-,-,-,-,-,-,-,Karachi Kings
27,CA Ingram,2018-2021,28,26,6,613,127*,30.65,421,145.6,1,2,2,51,32,Karachi Kings
28,Irfan Khan,2023-2023,8,7,3,92,37*,23,68,135.29,0,0,1,5,5,Karachi Kings
29,DPMD Jayawardene,2017-2017,1,1,0,10,10,10,8,125,0,0,0,1,0,Karachi Kings
30,CJ Jordan,2020-2022,14,8,3,33,14,6.6,31,106.45,0,0,2,3,1,Karachi Kings
31,Kashif Bhatti,2017-2017,1,-,-,-,-,-,-,-,-,-,-,-,-,Karachi Kings
32,Khurram Manzoor,2018-2018,7,6,0,121,51,20.16,122,99.18,0,1,0,12,2,Karachi Kings
33,TA Lammonby,2022-2022,3,3,0,4,3,1.33,6,66.66,0,0,1,0,0,Karachi Kings
34,LS Livingstone,2019-2019,11,11,1,321,82,32.1,246,130.48,0,3,1,24,15,Karachi Kings
35,MJ McClenaghan,2020-2020,1,-,-,-,-,-,-,-,-,-,-,-,-,Karachi Kings
36,TS Mills,2018-2018,8,1,1,5,5*,-,2,250,0,0,0,1,0,Karachi Kings
37,Mir Hamza,2016-2023,9,2,2,1,1*,-,2,50,0,0,0,0,0,Karachi Kings
38,Mohammad Amir,2016-2023,66,20,11,61,11*,6.77,59,103.38,0,0,3,6,2,Karachi Kings
39,Mohammad Ilyas,2021-2022,8,4,2,16,7,8,19,84.21,0,0,0,1,0,Karachi Kings
40,Mohammad Imran,2022-2022,3,1,1,0,0*,-,0,-,0,0,0,0,0,Karachi Kings
41,Mohammad Irfan,2018-2018,11,5,3,17,16*,8.5,15,113.33,0,0,2,1,1,Karachi Kings
42,Mohammad Nabi,2021-2022,14,14,3,303,67,27.54,208,145.67,0,2,1,27,14,Karachi Kings
43,Mohammad Rizwan,2018-2020,19,12,4,167,34,20.87,157,106.36,0,0,0,8,3,Karachi Kings
44,Mohammad Taha,2022-2022,5,2,0,6,6,3,11,54.54,0,0,1,0,0,Karachi Kings
45,Mohammad Umar,2023-2023,2,1,1,1,1*,-,2,50,0,0,0,0,0,Karachi Kings
46,EJG Morgan,2018-2018,3,3,0,28,21,9.33,29,96.55,0,0,0,3,0,Karachi Kings
47,Muhammad Akhlaq,2023-2023,1,1,0,51,51,51,36,141.66,0,1,0,5,2,Karachi Kings
48,Muhammad Musa,2023-2023,3,-,-,-,-,-,-,-,-,-,-,-,-,Karachi Kings
49,Mukhtar Ahmed,2018-2018,1,1,0,1,1,1,3,33.33,0,0,0,0,0,Karachi Kings
50,C Munro,2019-2019,8,8,0,95,32,11.87,77,123.37,0,0,2,9,4,Karachi Kings
51,Mushfiqur Rahim,2016-2016,3,3,1,49,33,24.5,39,125.64,0,0,0,4,1,Karachi Kings
52,Najibullah Zadran,2021-2021,5,5,1,111,71*,27.75,89,124.71,0,1,1,6,6,Karachi Kings
53,Nauman Anwar,2016-2016,5,5,0,55,35,11,52,105.76,0,0,2,6,3,Karachi Kings
54,Noor Ahmad,2021-2021,4,1,1,0,0*,-,0,-,0,0,0,0,0,Karachi Kings
55,WD Parnell,2020-2020,1,1,0,1,1,1,3,33.33,0,0,0,0,0,Karachi Kings
56,NLTC Perera,2021-2021,3,3,0,37,37,12.33,21,176.19,0,0,2,4,3,Karachi Kings
57,KA Pollard,2017-2017,10,9,4,201,47,40.2,117,171.79,0,0,0,15,11,Karachi Kings
58,Qasim Akram,2021-2023,9,8,1,126,51*,18,90,140,0,1,0,11,5,Karachi Kings
59,Rohail Nazir,2022-2022,3,3,0,47,21,15.66,36,130.55,0,0,0,7,0,Karachi Kings
60,AM Rossington,2023-2023,3,3,0,104,69,34.66,69,150.72,0,1,0,16,2,Karachi Kings
61,SE Rutherford,2020-2020,2,2,0,1,1,0.5,4,25,0,0,1,0,0,Karachi Kings
62,Sahibzada Farhan,2022-2022,5,5,1,51,25,12.75,50,102,0,0,1,6,1,Karachi Kings
63,Saifullah Bangash,2016-2016,5,2,1,0,0*,0,2,0,0,0,1,0,0,Karachi Kings
64,KC Sangakkara,2017-2017,10,10,0,215,65,21.5,181,118.78,0,1,0,20,5,Karachi Kings
65,Shahid Afridi,2018-2018,9,6,1,47,26,9.4,31,151.61,0,0,0,0,6,Karachi Kings
66,Shahzaib Hasan,2016-2017,4,4,0,64,27,16,52,123.07,0,0,1,7,2,Karachi Kings
67,T Shamsi,2023-2023,4,1,0,0,0,0,1,0,0,0,1,0,0,Karachi Kings
68,Shakib Al Hasan,2016-2016,8,8,1,126,51,18,120,105,0,1,0,6,3,Karachi Kings
69,Sharjeel Khan,2020-2023,37,36,1,827,105,23.62,600,137.83,1,3,5,74,55,Karachi Kings
70,Shoaib Malik,2016-2023,28,28,5,559,71*,24.3,465,120.21,0,3,2,36,19,Karachi Kings
71,Sikandar Raza,2019-2019,3,3,0,23,14,7.66,38,60.52,0,0,0,2,0,Karachi Kings
72,LMP Simmons,2016-2018,8,8,1,210,62*,30,187,112.29,0,2,0,26,7,Karachi Kings
73,Sohail Khan,2016-2019,19,11,4,42,10,6,39,107.69,0,0,2,2,2,Karachi Kings
74,Sohail Tanvir,2016-2016,6,4,1,33,23,11,29,113.79,0,0,0,3,2,Karachi Kings
75,AW Summers,2019-2019,2,-,-,-,-,-,-,-,-,-,-,-,-,Karachi Kings
76,Tayyab Tahir,2023-2023,5,5,0,137,65,27.4,95,144.21,0,1,0,15,4,Karachi Kings
77,RN ten Doeschate,2016-2016,1,1,0,16,16,16,23,69.56,0,0,0,0,0,Karachi Kings
78,JA Thompson,2022-2022,2,1,0,0,0,0,1,0,0,0,1,0,0,Karachi Kings
79,AJ Tye,2023-2023,4,1,1,1,1*,-,1,100,0,0,0,0,0,Karachi Kings
80,Umaid Asif,2020-2022,15,6,3,54,20,18,35,154.28,0,0,0,5,3,Karachi Kings
81,Umer Khan,2019-2020,17,5,2,3,3*,1,8,37.5,0,0,3,0,0,Karachi Kings
82,Usama Mir,2016-2020,20,9,3,28,10,4.66,29,96.55,0,0,2,3,0,Karachi Kings
83,Usman Shinwari,2017-2022,30,8,5,17,8*,5.66,28,60.71,0,0,2,0,1,Karachi Kings
84,JM Vince,2016-2023,12,12,0,285,75,23.75,205,139.02,0,1,0,27,13,Karachi Kings
85,MS Wade,2023-2023,9,9,1,224,53,28,185,121.08,0,1,1,29,3,Karachi Kings
86,CAK Walton,2020-2021,18,16,4,265,45,22.08,193,137.3,0,0,1,21,12,Karachi Kings
87,Waqas Maqsood,2020-2021,10,3,1,20,12,10,19,105.26,0,0,0,2,1,Karachi Kings
88,MH Wessels,2016-2016,2,2,0,4,3,2,11,36.36,0,0,0,0,0,Karachi Kings
89,D Wiese,2018-2018,1,1,0,5,5,5,6,83.33,0,0,0,1,0,Karachi Kings
0,Aamer Yamin,2017-2018,5,4,0,27,25,6.75,30,90,0,0,1,2,2,Lahore Qalanders
1,KJ Abbott,2018-2018,1,-,-,-,-,-,-,-,-,-,-,-,-,Lahore Qalanders
2,Abdullah Shafique,2022-2023,21,21,0,519,75,24.71,382,135.86,0,3,1,51,19,Lahore Qalanders
3,Adnan Rasool,2016-2016,3,-,-,-,-,-,-,-,-,-,-,-,-,Lahore Qalanders
4,Agha Salman,2018-2021,15,14,0,219,50,15.64,220,99.54,0,1,0,19,5,Lahore Qalanders
5,Ahmed Daniyal,2021-2021,10,4,2,10,6*,5,20,50,0,0,1,1,0,Lahore Qalanders
6,Ahsan Hafeez,2023-2023,2,2,0,15,15,7.5,11,136.36,0,0,1,2,1,Lahore Qalanders
7,Aizaz Cheema,2019-2019,1,-,-,-,-,-,-,-,-,-,-,-,-,Lahore Qalanders
8,CJ Anderson,2019-2019,3,2,0,41,22,20.5,36,113.88,0,0,0,1,3,Lahore Qalanders
9,Azhar Ali,2016-2016,7,7,0,183,61,26.14,172,106.39,0,1,0,22,3,Lahore Qalanders
10,Bilal Asif,2018-2018,1,-,-,-,-,-,-,-,-,-,-,-,-,Lahore Qalanders
11,Bilawal Bhatti,2017-2017,5,2,0,2,1,1,7,28.57,0,0,0,0,0,Lahore Qalanders
12,SW Billings,2023-2023,10,10,1,235,54,26.11,178,132.02,0,1,1,22,8,Lahore Qalanders
13,CR Brathwaite,2019-2019,1,1,0,6,6,6,6,100,0,0,0,1,0,Lahore Qalanders
14,DJ Bravo,2016-2016,8,8,3,111,32,22.2,98,113.26,0,0,1,9,2,Lahore Qalanders
15,HC Brook,2022-2022,10,8,3,264,102*,52.8,154,171.42,1,0,0,23,11,Lahore Qalanders
16,KK Cooper,2016-2016,7,4,2,10,10*,5,11,90.9,0,0,2,1,0,Lahore Qalanders
17,S Dadswell,2023-2023,1,1,0,3,3,3,4,75,0,0,0,0,0,Lahore Qalanders
18,TH David,2021-2021,6,6,2,180,64*,45,108,166.66,0,1,0,11,12,Lahore Qalanders
19,LA Dawson,2023-2023,2,1,0,1,1,1,2,50,0,0,0,0,0,Lahore Qalanders
20,CS Delport,2016-2018,14,13,1,327,78,27.25,254,128.74,0,3,1,31,13,Lahore Qalanders
21,JL Denly,2021-2021,2,2,0,31,31,15.5,30,103.33,0,0,1,2,2,Lahore Qalanders
22,AP Devcich,2018-2019,10,10,0,279,70,27.9,205,136.09,0,2,0,26,12,Lahore Qalanders
23,AB de Villiers,2019-2019,7,7,3,218,52*,54.5,169,128.99,0,1,0,19,5,Lahore Qalanders
24,Dilbar Hussain,2020-2023,12,2,1,16,8*,16,15,106.66,0,0,0,1,1,Lahore Qalanders
25,BR Dunk,2020-2022,23,20,3,472,99*,27.76,317,148.89,0,3,0,31,30,Lahore Qalanders
26,Ehsan Adil,2016-2016,5,-,-,-,-,-,-,-,-,-,-,-,-,Lahore Qalanders
27,GD Elliott,2017-2017,7,7,1,74,26*,12.33,79,93.67,0,0,2,5,1,Lahore Qalanders
28,Fakhar Zaman,2017-2023,76,76,1,2368,115,31.57,1664,142.3,2,18,5,224,100,Lahore Qalanders
29,JP Faulkner,2021-2021,6,5,1,90,33,22.5,53,169.81,0,0,0,4,7,Lahore Qalanders
30,Fawad Ahmed,2022-2022,1,1,1,0,0*,-,0,-,0,0,0,0,0,Lahore Qalanders
31,D Foxcroft,2022-2022,1,-,-,-,-,-,-,-,-,-,-,-,-,Lahore Qalanders
32,Gauhar Ali,2019-2019,3,3,0,30,21,10,22,136.36,0,0,0,4,1,Lahore Qalanders
33,CH Gayle,2016-2016,5,5,0,103,60,20.6,68,151.47,0,1,2,7,8,Lahore Qalanders
34,Ghulam Mudassar,2017-2017,1,1,1,1,1*,-,1,100,0,0,0,0,0,Lahore Qalanders
35,Gulraiz Sadaf,2018-2018,5,5,2,110,42*,36.66,121,90.9,0,0,0,8,3,Lahore Qalanders
36,DAS Gunaratne,2019-2019,1,1,0,12,12,12,11,109.09,0,0,0,0,1,Lahore Qalanders
37,Hammad Azam,2016-2016,3,3,2,18,18*,18,12,150,0,0,1,2,0,Lahore Qalanders
38,Haris Rauf,2019-2023,53,17,5,91,19,7.58,75,121.33,0,0,6,5,8,Lahore Qalanders
39,Haris Sohail,2019-2019,5,5,1,103,43,25.75,108,95.37,0,0,1,10,1,Lahore Qalanders
40,Hassan Khan,2019-2019,2,2,1,13,7,13,14,92.85,0,0,0,2,0,Lahore Qalanders
41,SD Hope,2023-2023,3,3,0,67,47,22.33,51,131.37,0,0,0,6,2,Lahore Qalanders
42,Hussain Talat,2023-2023,11,9,0,161,63,17.88,123,130.89,0,1,0,14,7,Lahore Qalanders
43,Imran Khan,2018-2018,1,-,-,-,-,-,-,-,-,-,-,-,-,Lahore Qalanders
44,Kamran Ghulam,2022-2023,18,18,1,398,55*,23.41,340,117.05,0,1,1,34,12,Lahore Qalanders
45,S Lamichhane,2019-2019,7,3,3,11,6*,-,14,78.57,0,0,0,0,0,Lahore Qalanders
46,CA Lynn,2020-2020,8,8,1,284,113*,40.57,158,179.74,1,1,1,32,16,Lahore Qalanders
47,Maaz Khan,2020-2020,3,-,-,-,-,-,-,-,-,-,-,-,-,Lahore Qalanders
48,MJ McClenaghan,2018-2018,4,1,0,4,4,4,2,200,0,0,0,1,0,Lahore Qalanders
49,BB McCullum,2017-2018,18,17,2,311,44,20.73,272,114.33,0,0,3,28,15,Lahore Qalanders
50,BAW Mendis,2016-2016,4,-,-,-,-,-,-,-,-,-,-,-,-,Lahore Qalanders
51,Mirza Baig,2023-2023,10,10,0,244,54,24.4,191,127.74,0,1,0,30,9,Lahore Qalanders
52,Muhammad Faizan,2020-2021,9,6,2,23,9,5.75,41,56.09,0,0,1,1,1,Lahore Qalanders
53,Mohammad Hafeez,2019-2022,38,37,9,925,98*,33.03,710,130.28,0,5,2,78,34,Lahore Qalanders
54,Mohammad Irfan,2017-2017,7,4,1,4,3*,1.33,6,66.66,0,0,2,0,0,Lahore Qalanders
55,Mohammad Rizwan,2016-2017,16,12,3,233,50*,25.88,188,123.93,0,1,1,18,9,Lahore Qalanders
56,Mustafizur Rahman,2018-2018,5,5,4,1,1*,1,9,11.11,0,0,1,0,0,Lahore Qalanders
57,SP Narine,2017-2018,17,15,2,214,28,16.46,130,164.61,0,0,1,17,15,Lahore Qalanders
58,Naved Yasin,2016-2016,5,3,1,27,25,13.5,33,81.81,0,0,1,2,1,Lahore Qalanders
59,SR Patel,2020-2022,21,14,4,280,71,28,207,135.26,0,1,0,32,6,Lahore Qalanders
60,S Prasanna,2020-2020,2,1,0,8,8,8,8,100,0,0,0,0,1,Lahore Qalanders
61,Rahat Ali,2019-2019,7,2,2,2,1*,-,4,50,0,0,0,0,0,Lahore Qalanders
62,Raja Farzan,2020-2020,2,-,-,-,-,-,-,-,-,-,-,-,-,Lahore Qalanders
63,D Ramdin,2018-2018,4,4,0,24,11,6,47,51.06,0,0,1,0,0,Lahore Qalanders
64,Rashid Khan,2021-2023,28,20,9,203,27*,18.45,147,138.09,0,0,3,16,11,Lahore Qalanders
65,Raza Hasan,2018-2018,2,2,0,4,4,2,12,33.33,0,0,1,0,0,Lahore Qalanders
66,JJ Roy,2017-2017,5,5,1,173,60*,43.25,114,151.75,0,2,0,21,6,Lahore Qalanders
67,Saad Ali,2019-2019,1,1,0,8,8,8,9,88.88,0,0,0,0,0,Lahore Qalanders
68,Salman Butt,2019-2020,3,3,0,43,21,14.33,50,86,0,0,0,3,0,Lahore Qalanders
69,Salman Irshad,2018-2020,8,5,1,11,6,2.75,12,91.66,0,0,0,0,1,Lahore Qalanders
70,Salman Mirza,2021-2021,2,-,-,-,-,-,-,-,-,-,-,-,-,Lahore Qalanders
71,PD Salt,2022-2022,9,8,1,63,26*,9,55,114.54,0,0,0,5,2,Lahore Qalanders
72,Shaheen Shah Afridi,2018-2023,62,29,9,221,52,11.05,168,131.54,0,1,6,15,17,Lahore Qalanders
73,Shawaiz Irfan,2023-2023,1,1,0,0,0,0,6,0,0,0,1,0,0,Lahore Qalanders
74,Sikandar Raza,2023-2023,12,11,5,223,71*,37.16,124,179.83,0,1,0,19,11,Lahore Qalanders
75,Sohaib Maqsood,2016-2016,2,2,0,79,57,39.5,71,111.26,0,1,0,5,3,Lahore Qalanders
76,Sohail Akhtar,2018-2022,44,42,9,808,75,24.48,656,123.17,0,3,2,79,32,Lahore Qalanders
77,Sohail Khan,2018-2018,7,5,1,14,9*,3.5,28,50,0,0,2,0,1,Lahore Qalanders
78,Sohail Tanvir,2017-2017,8,6,3,68,36*,22.66,66,103.03,0,0,0,4,2,Lahore Qalanders
79,Tamim Iqbal,2020-2020,3,3,0,83,35,27.66,68,122.05,0,0,0,11,2,Lahore Qalanders
80,BRM Taylor,2019-2019,4,4,1,17,13,5.66,17,100,0,0,0,0,1,Lahore Qalanders
81,RN ten Doeschate,2019-2019,1,1,0,2,2,2,9,22.22,0,0,0,0,0,Lahore Qalanders
82,Umair Masood,2019-2019,1,1,0,22,22,22,28,78.57,0,0,0,1,0,Lahore Qalanders
83,Umar Akmal,2016-2018,20,20,3,556,93,32.7,402,138.3,0,5,2,48,26,Lahore Qalanders
84,Usman Shinwari,2020-2020,4,2,1,30,30,30,15,200,0,0,0,0,4,Lahore Qalanders
85,DJ Vilas,2020-2020,5,3,0,24,19,8,23,104.34,0,0,0,3,0,Lahore Qalanders
86,GC Viljoen,2019-2019,2,2,1,9,8*,9,10,90,0,0,0,1,0,Lahore Qalanders
87,MH Wessels,2019-2019,2,2,0,24,20,12,21,114.28,0,0,0,3,1,Lahore Qalanders
88,D Wiese,2019-2023,48,41,18,562,48*,24.43,354,158.75,0,0,3,35,37,Lahore Qalanders
89,Yasir Shah,2017-2019,23,12,3,44,22,4.88,52,84.61,0,0,2,3,2,Lahore Qalanders
90,Zafar Gohar,2016-2016,6,2,1,1,1,1,4,25,0,0,0,0,0,Lahore Qalanders
91,Zaman Khan,2022-2023,26,8,5,11,6*,3.66,24,45.83,0,0,2,1,1,Lahore Qalanders
92,Zeeshan Ashraf,2021-2022,5,3,0,24,16,8,25,96,0,0,0,1,1,Lahore Qalanders
93,Zia-ul-Haq,2016-2016,3,-,-,-,-,-,-,-,-,-,-,-,-,Lahore Qalanders
94,Zohaib Khan,2016-2016,7,4,3,18,10*,18,13,138.46,0,0,1,1,0,Lahore Qalanders
0,Aamer Azmat,2022-2022,5,3,0,43,33,14.33,34,126.47,0,0,0,6,0,Multan Sultans
1,Abbas Afridi,2022-2023,16,5,2,29,17*,9.66,17,170.58,0,0,0,4,1,Multan Sultans
2,Ahmed Shehzad,2018-2018,10,9,0,173,38,19.22,203,85.22,0,0,1,16,3,Multan Sultans
3,MM Ali,2020-2020,9,9,1,138,65,17.25,106,130.18,0,1,1,13,5,Multan Sultans
4,Ali Shafique,2019-2020,4,1,0,0,0,0,0,-,0,0,1,0,0,Multan Sultans
5,Anwar Ali,2022-2023,11,7,3,61,24*,15.25,45,135.55,0,0,0,3,4,Multan Sultans
6,Asad Shafiq,2020-2020,1,1,0,1,1,1,1,100,0,0,0,0,0,Multan Sultans
7,Asif Afridi,2022-2022,5,1,0,1,1,1,3,33.33,0,0,0,0,0,Multan Sultans
8,Bilawal Bhatti,2020-2020,2,1,1,1,1*,-,1,100,0,0,0,0,0,Multan Sultans
9,RS Bopara,2020-2020,6,6,0,92,40,15.33,84,109.52,0,0,0,8,2,Multan Sultans
10,CR Brathwaite,2021-2023,9,4,2,30,22*,15,24,125,0,0,0,3,1,Multan Sultans
11,DM Bravo,2018-2018,5,2,1,15,9*,15,13,115.38,0,0,0,1,1,Multan Sultans
12,J Charles,2019-2022,14,12,1,325,57,29.54,213,152.58,0,2,2,35,12,Multan Sultans
13,DT Christian,2019-2019,8,7,1,97,21,16.16,75,129.33,0,0,0,5,5,Multan Sultans
14,SS Cottrell,2023-2023,3,-,-,-,-,-,-,-,-,-,-,-,-,Multan Sultans
15,TH David,2022-2023,16,16,6,425,71,42.5,229,185.58,0,3,0,29,31,Multan Sultans
16,LJ Evans,2019-2019,5,5,0,83,49,16.6,96,86.45,0,0,0,7,0,Multan Sultans
17,CJ Green,2019-2019,5,3,1,27,18*,13.5,29,93.1,0,0,0,2,0,Multan Sultans
18,Hammad Azam,2019-2021,6,6,1,66,29,13.2,74,89.18,0,0,1,4,1,Multan Sultans
19,SO Hetmyer,2021-2021,2,1,0,7,7,7,9,77.77,0,0,0,0,0,Multan Sultans
20,AJ Hosein,2023-2023,3,2,1,2,2,2,3,66.66,0,0,0,0,0,Multan Sultans
21,Ihsanullah,2022-2023,14,1,1,0,0*,-,3,0,0,0,0,0,0,Multan Sultans
22,Imran Khan,2021-2022,10,2,2,3,3*,-,4,75,0,0,0,0,0,Multan Sultans
23,Imran Tahir,2018-2022,39,10,3,48,14,6.85,53,90.56,0,0,0,5,1,Multan Sultans
24,Izharulhaq Naveed,2023-2023,1,-,-,-,-,-,-,-,-,-,-,-,-,Multan Sultans
25,Junaid Khan,2018-2020,18,6,3,4,2*,1.33,9,44.44,0,0,1,0,0,Multan Sultans
26,Khushdil Shah,2020-2023,45,36,15,612,70*,29.14,416,147.11,0,1,1,41,34,Multan Sultans
27,CA Lynn,2021-2021,4,4,0,34,32,8.5,25,136,0,0,1,6,1,Multan Sultans
28,A Lyth,2020-2020,2,2,0,59,50,29.5,36,163.88,0,1,0,4,4,Multan Sultans
29,DA Miller,2023-2023,8,6,1,119,52,23.8,80,148.75,0,1,0,9,5,Multan Sultans
30,Mohammad Abbas,2019-2019,3,1,1,1,1*,-,1,100,0,0,0,0,0,Multan Sultans
31,Mohammad Ilyas,2019-2023,20,7,3,23,9,5.75,26,88.46,0,0,1,1,0,Multan Sultans
32,Mohammad Irfan,2018-2020,27,7,2,12,6,2.4,18,66.66,0,0,3,2,0,Multan Sultans
33,Mohammad Irfan,2019-2019,2,2,1,4,4*,4,3,133.33,0,0,1,1,0,Multan Sultans
34,Mohammad Rizwan,2021-2023,36,36,7,1596,110*,55.03,1207,132.22,1,15,2,157,33,Multan Sultans
35,Mohammad Umar,2021-2021,2,1,0,0,0,0,1,0,0,0,1,0,0,Multan Sultans
36,TJ Moores,2019-2019,3,3,1,10,9,5,21,47.61,0,0,0,0,0,Multan Sultans
37,B Muzarabani,2021-2022,10,3,0,0,0,0,7,0,0,0,3,0,0,Multan Sultans
38,Nauman Ali,2019-2019,4,2,0,5,3,2.5,7,71.42,0,0,0,0,0,Multan Sultans
39,KA Pollard,2018-2023,21,18,8,425,73,42.5,269,157.99,0,3,1,31,28,Multan Sultans
40,Rahmanullah Gurbaz,2021-2021,1,1,0,3,3,3,4,75,0,0,0,0,0,Multan Sultans
41,Rohail Nazir,2020-2020,2,2,0,38,24,19,31,122.58,0,0,0,4,1,Multan Sultans
42,RR Rossouw,2020-2023,43,41,9,1117,121,34.9,689,162.11,2,7,4,114,50,Multan Sultans
43,Rumman Raees,2022-2022,6,1,0,6,6,6,7,85.71,0,0,0,1,0,Multan Sultans
44,AD Russell,2019-2019,4,4,0,50,18,12.5,30,166.66,0,0,0,5,3,Multan Sultans
45,Saif Badar,2018-2018,10,4,0,21,13,5.25,23,91.3,0,0,2,1,1,Multan Sultans
46,Sameen Gul,2023-2023,4,-,-,-,-,-,-,-,-,-,-,-,-,Multan Sultans
47,KC Sangakkara,2018-2018,10,9,1,269,63,33.62,215,125.11,0,3,1,27,10,Multan Sultans
48,Shahid Afridi,2019-2021,21,16,5,154,35*,14,115,133.91,0,0,3,9,9,Multan Sultans
49,Shahnawaz Dahani,2021-2023,23,4,3,6,6*,6,10,60,0,0,1,1,0,Multan Sultans
50,Shakeel Ansar,2019-2019,1,1,1,0,0*,-,3,0,0,0,0,0,0,Multan Sultans
51,Shan Masood,2019-2023,43,42,0,1318,88,31.38,984,133.94,0,9,1,157,21,Multan Sultans
52,Shoaib Malik,2018-2019,20,17,5,490,65*,40.83,409,119.8,0,3,0,27,19,Multan Sultans
53,Sohaibullah,2021-2021,1,-,-,-,-,-,-,-,-,-,-,-,-,Multan Sultans
54,Sohaib Maqsood,2018-2022,29,28,6,771,85*,35.04,559,137.92,0,6,0,66,39,Multan Sultans
55,Sohail Khan,2021-2021,5,2,0,16,8,8,14,114.28,0,0,0,1,1,Multan Sultans
56,Sohail Tanvir,2018-2021,28,18,11,184,34*,26.28,145,126.89,0,0,0,14,9,Multan Sultans
57,Umar Gul,2018-2018,2,1,0,10,10,10,6,166.66,0,0,0,0,1,Multan Sultans
58,Umar Siddiq,2019-2019,7,7,0,169,53,24.14,150,112.66,0,1,0,13,8,Multan Sultans
59,Usama Mir,2023-2023,12,5,1,38,17,9.5,21,180.95,0,0,2,2,3,Multan Sultans
60,Usman Khan,2023-2023,4,4,0,167,120,41.75,84,198.8,1,0,1,20,9,Multan Sultans
61,Usman Qadir,2020-2021,5,1,0,4,4,4,5,80,0,0,0,1,0,Multan Sultans
62,GC Viljoen,2018-2018,2,1,0,2,2,2,7,28.57,0,0,0,0,0,Multan Sultans
63,JM Vince,2019-2021,18,18,1,560,84,32.94,381,146.98,0,3,1,72,18,Multan Sultans
64,RA Whiteley,2018-2018,3,3,0,27,16,9,26,103.84,0,0,1,1,1,Multan Sultans
65,DJ Willey,2022-2022,8,4,3,28,28*,28,33,84.84,0,0,1,1,1,Multan Sultans
66,Zeeshan Ashraf,2020-2020,11,11,0,202,52,18.36,155,130.32,0,2,0,25,6,Multan Sultans
0,Aamer Jamal,2023-2023,6,5,1,29,13*,7.25,25,116,0,0,0,2,2,Peshawar Zalmi
1,Aamer Yamin,2016-2016,2,-,-,-,-,-,-,-,-,-,-,-,-,Peshawar Zalmi
2,Abdur Rehman,2016-2016,1,-,-,-,-,-,-,-,-,-,-,-,-,Peshawar Zalmi
3,Abrar Ahmed,2021-2021,2,-,-,-,-,-,-,-,-,-,-,-,-,Peshawar Zalmi
4,Adil Amin,2020-2020,1,1,1,7,7*,-,7,100,0,0,0,1,0,Peshawar Zalmi
5,Ali Majid,2022-2022,1,-,-,-,-,-,-,-,-,-,-,-,-,Peshawar Zalmi
6,FA Allen,2021-2021,3,3,1,3,3,1.5,6,50,0,0,1,0,0,Peshawar Zalmi
7,J Allenby,2016-2016,2,2,0,38,31,19,40,95,0,0,0,5,0,Peshawar Zalmi
8,Amad Butt,2021-2022,6,5,3,67,27*,33.5,31,216.12,0,0,0,6,4,Peshawar Zalmi
9,Arish Ali,2022-2022,1,1,0,0,0,0,1,0,0,0,1,0,0,Peshawar Zalmi
10,Arshad Iqbal,2022-2023,8,3,2,5,2*,5,10,50,0,0,0,0,0,Peshawar Zalmi
11,Azmatullah Omarzai,2023-2023,6,3,1,26,16*,13,14,185.71,0,0,1,3,1,Peshawar Zalmi
12,Babar Azam,2023-2023,11,11,1,522,115,52.2,359,145.4,1,5,1,64,9,Peshawar Zalmi
13,JM Bairstow,2016-2016,1,1,0,15,15,15,16,93.75,0,0,0,1,0,Peshawar Zalmi
14,T Banton,2020-2020,7,7,1,74,34,12.33,57,129.82,0,0,2,9,2,Peshawar Zalmi
15,RS Bopara,2021-2021,2,2,1,108,58*,108,84,128.57,0,2,0,12,1,Peshawar Zalmi
16,CR Brathwaite,2020-2020,4,3,1,34,16*,17,24,141.66,0,0,0,3,1,Peshawar Zalmi
17,PR Brown,2022-2022,2,-,-,-,-,-,-,-,-,-,-,-,-,Peshawar Zalmi
18,BCJ Cutting,2022-2022,9,9,2,197,52*,28.14,120,164.16,0,1,1,13,13,Peshawar Zalmi
19,LA Dawson,2018-2020,24,19,3,363,62,22.68,289,125.6,0,2,2,18,16,Peshawar Zalmi
20,F du Plessis,2020-2020,1,1,0,31,31,31,25,124,0,0,0,1,1,Peshawar Zalmi
21,ADS Fletcher,2018-2019,9,9,0,158,34,17.55,138,114.49,0,0,0,14,8,Peshawar Zalmi
22,L Gregory,2020-2020,4,4,1,68,25,22.66,42,161.9,0,0,0,2,5,Peshawar Zalmi
23,Haider Ali,2020-2022,28,28,4,557,69,23.2,404,137.87,0,2,3,51,27,Peshawar Zalmi
24,Hammad Azam,2018-2020,3,3,1,10,7,5,9,111.11,0,0,1,1,0,Peshawar Zalmi
25,Haris Sohail,2017-2018,6,6,1,50,14,10,70,71.42,0,0,0,1,1,Peshawar Zalmi
26,Hasan Ali,2016-2020,45,21,7,94,15,6.71,68,138.23,0,0,1,10,3,Peshawar Zalmi
27,Haseebullah Khan,2023-2023,7,6,1,99,50,19.8,67,147.76,0,1,0,10,5,Peshawar Zalmi
28,Hazratullah Zazai,2021-2022,12,12,0,382,77,31.83,250,152.8,0,4,2,45,18,Peshawar Zalmi
29,BJ Hodge,2016-2016,4,4,2,93,85*,46.5,61,152.45,0,1,1,6,6,Peshawar Zalmi
30,BAC Howell,2022-2022,1,1,1,2,2*,-,1,200,0,0,0,0,0,Peshawar Zalmi
31,Hussain Talat,2022-2022,9,8,2,177,52,29.5,141,125.53,0,2,0,17,3,Peshawar Zalmi
32,Ibtisam Sheikh,2018-2019,8,2,1,2,2,2,6,33.33,0,0,0,0,0,Peshawar Zalmi
33,Iftikhar Ahmed,2017-2017,3,3,0,15,14,5,25,60,0,0,1,1,0,Peshawar Zalmi
34,Imam-ul-Haq,2019-2021,22,22,0,542,59,24.63,436,124.31,0,5,2,50,13,Peshawar Zalmi
35,Imran Khan,2016-2017,2,1,1,0,0*,-,0,-,0,0,0,0,0,Peshawar Zalmi
36,CJ Jordan,2017-2019,13,10,7,64,36,21.33,64,100,0,0,1,3,4,Peshawar Zalmi
37,Junaid Khan,2016-2017,9,5,5,3,1*,-,7,42.85,0,0,0,0,0,Peshawar Zalmi
38,Kamran Akmal,2016-2022,75,74,2,1972,107*,27.38,1440,136.94,3,12,8,213,89,Peshawar Zalmi
39,Khalid Usman,2018-2022,5,3,2,43,19*,43,34,126.47,0,0,0,3,1,Peshawar Zalmi
40,Khurram Shahzad,2023-2023,3,2,1,13,11*,13,19,68.42,0,0,0,1,0,Peshawar Zalmi
41,Khushdil Shah,2017-2018,4,3,0,13,8,4.33,23,56.52,0,0,0,1,0,Peshawar Zalmi
42,T Kohler-Cadmore,2021-2023,18,18,2,460,92,28.75,315,146.03,0,4,2,39,26,Peshawar Zalmi
43,LS Livingstone,2020-2022,12,11,2,147,54*,16.33,107,137.38,0,1,2,11,7,Peshawar Zalmi
44,WL Madsen,2019-2019,2,2,0,5,5,2.5,19,26.31,0,0,1,0,0,Peshawar Zalmi
45,S Mahmood,2020-2022,8,4,3,13,11*,13,15,86.66,0,0,1,0,1,Peshawar Zalmi
46,DJ Malan,2016-2019,16,16,2,377,60*,26.92,336,112.2,0,2,0,37,11,Peshawar Zalmi
47,DA Miller,2021-2021,3,3,0,116,73,38.66,83,139.75,0,1,0,10,5,Peshawar Zalmi
48,TS Mills,2019-2019,5,-,-,-,-,-,-,-,-,-,-,-,-,Peshawar Zalmi
49,Misbah-ul-Haq,2019-2019,3,3,2,126,59*,126,104,121.15,0,1,0,9,5,Peshawar Zalmi
50,Mohammad Amir Khan,2020-2020,4,1,1,7,7*,-,9,77.77,0,0,0,1,0,Peshawar Zalmi
51,Mohammad Asghar,2016-2018,21,3,2,1,1*,1,5,20,0,0,1,0,0,Peshawar Zalmi
52,Mohammad Hafeez,2016-2018,33,31,1,671,77,22.36,591,113.53,0,4,3,68,25,Peshawar Zalmi
53,Mohammad Haris,2022-2023,17,16,0,516,85,32.25,277,186.28,0,3,2,53,27,Peshawar Zalmi
54,Mohammad Imran,2020-2020,1,1,0,8,8,8,4,200,0,0,0,0,1,Peshawar Zalmi
55,Mohammad Imran,2021-2021,11,2,1,1,1*,1,3,33.33,0,0,1,0,0,Peshawar Zalmi
56,Mohammad Irfan,2021-2021,10,1,1,0,0*,-,5,0,0,0,0,0,0,Peshawar Zalmi
57,Mohammad Mohsin,2020-2020,2,1,0,0,0,0,6,0,0,0,1,0,0,Peshawar Zalmi
58,Mohammad Umar,2022-2022,6,2,0,3,3,1.5,10,30,0,0,1,0,0,Peshawar Zalmi
59,EJG Morgan,2017-2017,6,6,1,136,80*,27.2,131,103.81,0,1,0,14,4,Peshawar Zalmi
60,Mujeeb Ur Rahman,2021-2023,11,3,2,3,2,3,3,100,0,0,0,0,0,Peshawar Zalmi
61,Nabi Gul,2019-2019,2,1,0,9,9,9,12,75,0,0,0,0,0,Peshawar Zalmi
62,JDS Neesham,2023-2023,7,7,1,87,38,14.5,66,131.81,0,0,0,6,4,Peshawar Zalmi
63,KA Pollard,2019-2019,13,13,3,284,52*,28.4,164,173.17,0,2,1,19,23,Peshawar Zalmi
64,R Powell,2021-2023,16,15,4,276,64,25.09,175,157.71,0,1,2,21,18,Peshawar Zalmi
65,Rahat Ali,2020-2020,10,1,0,1,1,1,6,16.66,0,0,0,0,0,Peshawar Zalmi
66,PBB Rajapaksa,2023-2023,5,5,1,97,41,24.25,66,146.96,0,0,0,11,3,Peshawar Zalmi
67,SE Rutherford,2021-2022,22,21,6,436,70*,29.06,293,148.8,0,2,1,32,29,Peshawar Zalmi
68,Saad Masood,2023-2023,1,1,0,16,16,16,8,200,0,0,0,3,0,Peshawar Zalmi
69,Saad Nasim,2018-2018,5,5,1,65,35,16.25,47,138.29,0,0,0,7,3,Peshawar Zalmi
70,Sabbir Rahman,2018-2018,2,1,0,11,11,11,11,100,0,0,0,1,0,Peshawar Zalmi
71,Saim Ayub,2023-2023,12,12,0,341,74,28.41,206,165.53,0,5,2,36,17,Peshawar Zalmi
72,Salman Irshad,2022-2023,14,4,2,3,2,1.5,13,23.07,0,0,1,0,0,Peshawar Zalmi
73,Sameen Gul,2018-2022,19,4,4,10,7*,-,17,58.82,0,0,0,1,0,Peshawar Zalmi
74,DJG Sammy,2016-2020,49,39,12,691,48,25.59,472,146.39,0,0,2,48,44,Peshawar Zalmi
75,MN Samuels,2017-2017,5,5,1,81,37*,20.25,67,120.89,0,0,0,5,3,Peshawar Zalmi
76,Shahid Afridi,2016-2017,20,15,2,264,54,20.3,157,168.15,0,1,2,14,21,Peshawar Zalmi
77,Shahid Yousuf,2016-2016,9,6,1,99,27*,19.8,97,102.06,0,0,0,9,1,Peshawar Zalmi
78,MD Shanaka,2023-2023,2,2,1,27,16*,27,26,103.84,0,0,0,2,0,Peshawar Zalmi
79,Shakib Al Hasan,2017-2023,6,5,1,55,30,13.75,49,112.24,0,0,0,5,1,Peshawar Zalmi
80,Shoaib Malik,2020-2022,33,32,5,1033,73,38.25,731,141.31,0,8,2,87,39,Peshawar Zalmi
81,DR Smith,2018-2018,10,9,1,252,71*,31.5,199,126.63,0,1,0,20,16,Peshawar Zalmi
82,Sohaib Maqsood,2017-2020,12,11,2,120,30*,13.33,126,95.23,0,0,3,10,5,Peshawar Zalmi
83,Sohail Khan,2022-2022,2,-,-,-,-,-,-,-,-,-,-,-,-,Peshawar Zalmi
84,Sufiyan Muqeem,2023-2023,5,2,2,10,6*,-,12,83.33,0,0,0,0,0,Peshawar Zalmi
85,SW Tait,2016-2016,9,2,2,0,0*,-,0,-,0,0,0,0,0,Peshawar Zalmi
86,Tamim Iqbal,2016-2018,17,17,4,522,80*,40.15,467,111.77,0,4,0,50,12,Peshawar Zalmi
87,Umaid Asif,2018-2021,29,10,5,86,25,17.2,52,165.38,0,0,2,5,7,Peshawar Zalmi
88,Umar Amin,2019-2020,12,9,3,218,61*,36.33,186,117.2,0,2,1,26,3,Peshawar Zalmi
89,Usman Qadir,2022-2023,10,5,3,32,12,16,20,160,0,0,0,2,2,Peshawar Zalmi
90,GC Viljoen,2020-2020,1,1,0,37,37,37,16,231.25,0,0,0,3,3,Peshawar Zalmi
91,Wahab Riaz,2016-2023,88,54,21,359,33*,10.87,280,128.21,0,0,10,31,14,Peshawar Zalmi
92,Waqar Salamkheil,2021-2021,1,-,-,-,-,-,-,-,-,-,-,-,-,Peshawar Zalmi
93,JW Wells,2021-2021,2,2,1,61,55*,61,56,108.92,0,1,0,6,3,Peshawar Zalmi
94,MH Wessels,2018-2018,4,4,1,68,31*,22.66,62,109.67,0,0,0,8,1,Peshawar Zalmi
95,Yasir Khan,2022-2022,4,4,0,87,35,21.75,57,152.63,0,0,0,11,4,Peshawar Zalmi
96,Yasir Shah,2020-2020,4,1,1,1,1*,-,1,100,0,0,0,0,0,Peshawar Zalmi
0,Abdul Bangalzai,2022-2023,5,4,0,15,14,3.75,23,65.21,0,0,2,0,1,Quetta Gladiators
1,Abdul Nasir,2020-2021,2,2,1,1,1*,1,4,25,0,0,1,0,0,Quetta Gladiators
2,Ahmed Shehzad,2016-2020,35,34,2,904,99,28.25,694,130.25,0,9,3,93,29,Quetta Gladiators
3,Ahsan Ali,2019-2022,19,18,1,444,73,26.11,335,132.53,0,3,0,49,13,Quetta Gladiators
4,Aimal Khan,2023-2023,4,1,1,0,0*,-,2,0,0,0,0,0,0,Quetta Gladiators
5,Aizaz Cheema,2016-2016,4,1,1,0,0*,-,0,-,0,0,0,0,0,Quetta Gladiators
6,Akbar-ur-Rehman,2016-2016,7,3,0,15,11,5,19,78.94,0,0,0,1,0,Quetta Gladiators
7,Anamul Haque,2017-2017,1,1,0,3,3,3,9,33.33,0,0,0,0,0,Quetta Gladiators
8,Anwar Ali,2016-2021,36,26,9,222,28*,13.05,161,137.88,0,0,0,13,13,Quetta Gladiators
9,JC Archer,2018-2018,2,1,0,5,5,5,4,125,0,0,0,1,0,Quetta Gladiators
10,Arish Ali,2021-2021,1,-,-,-,-,-,-,-,-,-,-,-,-,Quetta Gladiators
11,Asad Shafiq,2016-2018,16,15,1,279,51,19.92,266,104.88,0,1,1,31,5,Quetta Gladiators
12,Ashir Qureshi,2022-2022,4,1,0,0,0,0,1,0,0,0,1,0,0,Quetta Gladiators
13,Azam Khan,2019-2021,20,20,1,336,59,17.68,260,129.23,0,1,3,33,13,Quetta Gladiators
14,T Banton,2021-2021,2,2,0,9,5,4.5,11,81.81,0,0,0,1,0,Quetta Gladiators
15,Bismillah Khan,2016-2016,3,3,0,55,55,18.33,35,157.14,0,1,2,10,1,Quetta Gladiators
16,DJ Bravo,2019-2019,6,4,2,23,12*,11.5,29,79.31,0,0,1,3,0,Quetta Gladiators
17,E Chigumbura,2016-2016,5,3,1,10,7*,5,13,76.92,0,0,1,1,0,Quetta Gladiators
18,BCJ Cutting,2020-2021,12,12,2,195,53,19.5,122,159.83,0,1,3,13,14,Quetta Gladiators
19,Danish Aziz,2019-2019,1,1,0,1,1,1,7,14.28,0,0,0,0,0,Quetta Gladiators
20,CS Delport,2021-2021,5,5,0,13,10,2.6,22,59.09,0,0,2,1,0,Quetta Gladiators
21,BM Duckett,2022-2022,4,4,0,60,47,15,50,120,0,0,1,8,1,Quetta Gladiators
22,F du Plessis,2021-2021,5,4,0,76,37,19,62,122.58,0,0,0,8,1,Quetta Gladiators
23,GD Elliott,2016-2016,6,5,1,65,40,16.25,55,118.18,0,0,0,3,4,Quetta Gladiators
24,RR Emrit,2017-2017,1,1,1,6,6*,-,9,66.66,0,0,0,0,0,Quetta Gladiators
25,SM Ervine,2017-2017,1,1,0,24,24,24,19,126.31,0,0,0,2,0,Quetta Gladiators
26,JP Faulkner,2022-2022,6,3,2,49,30*,49,27,181.48,0,0,0,3,3,Quetta Gladiators
27,Fawad Ahmed,2019-2020,17,4,0,18,14,4.5,28,64.28,0,0,2,3,0,Quetta Gladiators
28,CH Gayle,2021-2021,2,2,0,107,68,53.5,64,167.18,0,1,0,9,7,Quetta Gladiators
29,Ghulam Mudassar,2019-2022,10,1,0,0,0,0,2,0,0,0,1,0,0,Quetta Gladiators
30,MJ Guptill,2023-2023,9,9,1,310,117,38.75,206,150.48,1,1,1,31,14,Quetta Gladiators
31,HF Gurney,2019-2019,1,1,1,0,0*,-,0,-,0,0,0,0,0,Quetta Gladiators
32,Hassan Khan,2017-2022,26,15,7,124,24,15.5,109,113.76,0,0,3,6,3,Quetta Gladiators
33,JW Hastings,2018-2018,3,2,1,5,5*,5,8,62.5,0,0,1,1,0,Quetta Gladiators
34,Iftikhar Ahmed,2022-2023,20,18,2,327,53,20.43,258,126.74,0,3,1,17,17,Quetta Gladiators
35,Khurram Manzoor,2020-2020,1,1,0,63,63,63,40,157.5,0,1,0,9,1,Quetta Gladiators
36,Khurram Shahzad,2021-2022,7,4,1,12,11,4,29,41.37,0,0,1,0,0,Quetta Gladiators
37,T Kohler-Cadmore,2018-2018,1,1,0,5,5,5,5,100,0,0,0,1,0,Quetta Gladiators
38,B Laughlin,2018-2018,3,1,1,3,3*,-,2,150,0,0,0,0,0,Quetta Gladiators
39,NL McCullum,2016-2016,2,2,1,1,1,1,4,25,0,0,0,0,0,Quetta Gladiators
40,Mahmudullah,2017-2018,9,5,2,71,29*,23.66,59,120.33,0,0,1,6,2,Quetta Gladiators
41,TS Mills,2017-2020,9,3,2,5,4*,5,7,71.42,0,0,1,0,0,Quetta Gladiators
42,Mir Hamza,2017-2018,4,1,0,0,0,0,1,0,0,0,1,0,0,Quetta Gladiators
43,Mohammad Hafeez,2023-2023,7,6,1,135,48,27,90,150,0,0,0,13,7,Quetta Gladiators
44,Mohammad Hasnain,2019-2023,34,12,7,32,22,6.4,40,80,0,0,2,3,1,Quetta Gladiators
45,Mohammad Irfan,2022-2022,2,1,0,0,0,0,1,0,0,0,1,0,0,Quetta Gladiators
46,Mohammad Irfan,2019-2019,3,-,-,-,-,-,-,-,-,-,-,-,-,Quetta Gladiators
47,Mohammad Nabi,2016-2016,8,4,1,47,30*,15.66,37,127.02,0,0,0,4,2,Quetta Gladiators
48,Mohammad Nawaz,2016-2023,76,58,16,728,52,17.33,643,113.21,0,1,3,61,26,Quetta Gladiators
49,Najibullah Zadran,2023-2023,2,2,0,60,59,30,37,162.16,0,1,0,5,3,Quetta Gladiators
50,Naseem Shah,2020-2023,29,8,2,17,7,2.83,27,62.96,0,0,2,1,1,Quetta Gladiators
51,Naveen-ul-Haq,2023-2023,4,1,1,17,17*,-,7,242.85,0,0,0,3,0,Quetta Gladiators
52,Noor Ahmad,2022-2022,4,3,1,21,13*,10.5,13,161.53,0,0,1,2,1,Quetta Gladiators
53,Omair Yousuf,2023-2023,2,2,0,75,67,37.5,42,178.57,0,1,0,8,3,Quetta Gladiators
54,NLTC Perera,2017-2018,7,5,1,52,27,13,45,115.55,0,0,0,3,2,Quetta Gladiators
55,KP Pietersen,2016-2018,27,25,2,611,88*,26.56,439,139.17,0,4,4,43,30,Quetta Gladiators
56,D Pretorius,2023-2023,2,1,1,10,10*,-,3,333.33,0,0,0,2,0,Quetta Gladiators
57,Qais Ahmad,2021-2023,6,4,2,44,17*,22,30,146.66,0,0,0,5,2,Quetta Gladiators
58,Rahat Ali,2018-2018,11,1,0,0,0,0,1,0,0,0,1,0,0,Quetta Gladiators
59,Rameez Raja,2018-2018,5,5,1,40,22,10,33,121.21,0,0,0,2,2,Quetta Gladiators
60,RR Rossouw,2017-2019,31,29,7,750,76*,34.09,585,128.2,0,3,0,64,26,Quetta Gladiators
61,JJ Roy,2018-2023,23,23,2,834,145*,39.71,567,147.08,2,4,3,97,30,Quetta Gladiators
62,AD Russell,2021-2021,1,1,0,13,13,13,6,216.66,0,0,0,0,2,Quetta Gladiators
63,Saad Nasim,2017-2017,3,3,0,18,9,6,16,112.5,0,0,0,2,0,Quetta Gladiators
64,Saim Ayub,2021-2021,7,7,0,114,35,16.28,105,108.57,0,0,0,14,3,Quetta Gladiators
65,KC Sangakkara,2016-2016,4,4,0,129,55,32.25,89,144.94,0,1,1,17,2,Quetta Gladiators
66,Sarfaraz Ahmed,2016-2023,80,68,20,1503,81,31.31,1214,123.8,0,7,2,134,26,Quetta Gladiators
67,Shahid Afridi,2022-2022,3,1,0,4,4,4,8,50,0,0,0,0,0,Quetta Gladiators
68,WCF Smeed,2022-2023,10,10,0,315,99,31.5,234,134.61,0,2,1,36,11,Quetta Gladiators
69,DR Smith,2019-2019,5,3,1,22,11*,11,27,81.48,0,0,0,2,0,Quetta Gladiators
70,OF Smith,2023-2023,6,6,3,50,25*,16.66,40,125,0,0,1,5,3,Quetta Gladiators
71,Sohail Khan,2020-2020,8,5,2,65,32,21.66,60,108.33,0,0,0,3,5,Quetta Gladiators
72,Sohail Tanvir,2019-2022,19,9,3,36,13,6,55,65.45,0,0,2,1,1,Quetta Gladiators
73,DW Steyn,2021-2021,3,2,2,0,0*,-,2,0,0,0,0,0,0,Quetta Gladiators
74,N Thushara,2023-2023,1,1,1,0,0*,-,3,0,0,0,0,0,0,Quetta Gladiators
75,Umaid Asif,2023-2023,3,2,1,11,11*,11,7,157.14,0,0,1,1,1,Quetta Gladiators
76,Umar Akmal,2019-2023,23,20,3,473,75*,27.82,311,152.09,0,3,1,30,34,Quetta Gladiators
77,Umar Amin,2018-2018,6,6,1,97,31,19.4,96,101.04,0,0,0,9,1,Quetta Gladiators
78,Umar Gul,2016-2017,8,3,0,2,2,0.66,6,33.33,0,0,2,0,0,Quetta Gladiators
79,Usman Khan,2021-2021,6,6,0,150,81,25,123,121.95,0,1,1,16,5,Quetta Gladiators
80,Usman Shinwari,2021-2021,5,2,0,7,7,3.5,10,70,0,0,1,1,0,Quetta Gladiators
81,MN van Wyk,2017-2017,1,1,0,1,1,1,7,14.28,0,0,0,0,0,Quetta Gladiators
82,JM Vince,2022-2022,6,6,1,107,49*,21.4,91,117.58,0,0,3,11,2,Quetta Gladiators
83,SR Watson,2018-2020,31,31,3,996,91*,35.57,692,143.93,0,8,2,94,60,Quetta Gladiators
84,J Weatherald,2021-2021,5,5,0,148,48,29.6,118,125.42,0,0,0,16,7,Quetta Gladiators
85,JD Wildermuth,2021-2021,2,2,1,17,9,17,18,94.44,0,0,0,1,0,Quetta Gladiators
86,L Wood,2022-2022,1,-,-,-,-,-,-,-,-,-,-,-,-,Quetta Gladiators
87,LJ Wright,2016-2017,7,7,1,181,86*,30.16,141,128.36,0,1,0,20,7,Quetta Gladiators
88,Yasir Khan,2023-2023,2,2,0,19,14,9.5,26,73.07,0,0,0,2,0,Quetta Gladiators
89,Zahid Mahmood,2020-2021,7,5,2,24,19*,8,30,80,0,0,2,2,0,Quetta Gladiators
90,Zahir Khan,2021-2021,2,2,1,12,6*,12,8,150,0,0,0,2,0,Quetta Gladiators
91,Zahoor Khan,2021-2021,1,-,-,-,-,-,-,-,-,-,-,-,-,Quetta Gladiators
92,Zulfiqar Babar,2016-2017,18,6,3,23,20*,7.66,17,135.29,0,0,2,1,1,Quetta Gladiators
